;
LEXICON MARITIM                                       CLC Cristian Ruș;
;
A;
A ;"Alpha – În Codul International de Semnale (International Code of Signals) are semnificația: Am scafandru la apă; mențineți-vă la distanță si cu viteza redusă."
A.;Dacă litera A precede o temperatură, aceasta înseamnă că temperatura respectivă a fost măsurată de la zero absolut, exprimându-se în grade Celsius (Centigrades)
A.I.;"A1 – Simbol folosit de societățile de clasificare prin care se descrie o navă bine construită și echipată în mod eficient. Litera (în acest caz  „A”) se referă la construcție iar cifra romană („I”) denotă echiparea. La navele construite din fier sau oțel, simbolul este precedat de un număr care nu depășește 100; la unele nave dedicate unor tipuri speciale de comerț aceast număr poate să nu existe. Ca regulă generală, acest număr descrie procentajul de perfecțiune al construcției unei nave.    "
a/a;Always afloat. În permanentă stare de plutire.
AB (able seaman);Marinar calificat, timonier. Cunoscut și ca Able Bodied Seaman
Abaca;Cânepă de Manila. Plantă originară din Filipine, din familia bananului și din care se face cânepa de Manila (Manilla hemp).
Aback;Înapoi, în urmă. Expresie folosită la veliere pentru a descrie situația în care vântul este din fața velei. 
Abaft;La sau către extremitatea din spate a navei.
Abandonment;Abandon. Acțiunea de renunțare la o navă asigurată și la toate dreptu-rile de proprietate. Acțiunea se face de către armator în cazul în care nava ajunge o pierdere constructivă totală (în general mai mult de 80%) în scopul recuperării/primirii asigurării de la societatea de asigurare.
Abandonment of voyage;Abandonarea unui voiaj. Acțiunea de renunțare la efectuarea unui voiaj intenționat. Renunțarea poate fi intenționată sau prin forța împre-jurărilor.
Abandon ship;Abandonarea navei. Părăsirea navei de către echipaj, atunci când se consideră că nu mai pot fi intreprinse alte acțiuni pentru salvarea (păs-trarea) acesteia. Acțiunea este făcută de regulă în mod voluntar și doar în ultimă instanță, la ordinul expres al comandantului navei
Abeam;Travers. Situat pe o linie în plan orizontal ce formeaza unghi drept cu axul longitudinal al navei
Aberration;Aberație. În astronomie reprezintă diferența dintre poziția reală și pozi-ția aparentă a unui corp ceresc, cauzată de mișcarea Pământului în spațiu. În meteorologie aberația reprezintă diferența dintre direcția vântului adevărat și direcția vântului aparent, diferență cauzată de mișcarea navei, atunci când este înclinată în direcția vântului. În optică reprezintă deviația razei de lumină de la punctul de focalizare adevărat. 
Abnormal refraction;Refracție anormală. Deplasarea orizontului vizibil și a obiectelor observate cu o cantitate neobișnuită. Astfel obiectele aflate sub orizont pot apărea deasupra orizontului.
Aboard;La bord. În interiorul unei nave
Abordage;Abordaj. Termen preluat din limba Franceză. Apropierea unei nave de altă navă, bordaj la bordaj, în scopul atacării celei din urmă și de jefuire și/sau luare de prizonieri sau de preluare a navei.
About ship;Volta în vânt.  1.Schimbarea murelor trecând cu prova prin vânt. Manevră de schimabre a direcției de marș la navele cu pânze. 2.Ordin către echipajul unui velier de a merge la posturi pentru a face manevra de volta în vânt 
;
;
Abreast;La travers. Cuvânt folosit pentru a descrie situația în care un reper sau o altă navă se află în dreptul navei proprii, într-o poziție perpendiculară pe axa navei. 
Abroad;Ridicat, arborat. În context maritim se folosește pentru a descrie că un pavilion este ridicat (arborat).
ABS;American Bureau of Shipping. Societate de clasificare americană.
Absence without leave;Absent fără permisie/permisiune. Termen ce descrie situația unui marinar plecat de la navă fără a avea permisiunea dar fără a avea intenția de a dezerta. Termenul se folosește în marina militară și se poate întâlni mai des sub forma prescurtată a.w.o.l.
;
;
;
Absentee;Absent. Navigator care nu se întoarce la navă la fie pentru a-și prelua serviciul fie la încheierea învoirii (permisiunii de a merge la uscat) dar fără a avea intenția să dezerteze. 
;
;
;
Absolute force;Forța absolută. În magnetism reprezintă intensitatea câmpului magne-tic al Pământului sau intensitatea forței de atracție a unui magnet și se exprimă în [dynes].
Absolute humidity;Umiditatea absolută. Reprezintă greutatea apei conținută într-un volum de aer atmosferic. Unitatea de măsură uzuală este [gram/m3].
Absolute pressure;Presiunea absolută. Reprezintă presiunea unui fluid măsurată în vacuum perfect. În ingineria practică se consideră ca fiind presiunea aburului plus 15 lbs (pounds – pfunzi). Presiunea absolută a unui condensor se calculează (în inci barometrici) ca jumătate din înălțimea barometrică minus citirea în vacuum
Absolute temperature;"Scala fundamentală a temperaturii la care zero este zero absolut. Se exprimă în grade KELVIN sau grade RANKINE. Un grad Kelvin este egal cu un grad Celsius iar un grad Rankine este egal cu un grad Fahrenheit. Relaţii de transformare:
Scala Kelvin: Tabs=273 + t (oC);  0oC=273oK
Scala Rankine: Tabs=460 + t (oF);  0oF=460oR
De obicei se măsoară în grade Celsius. "
Absolute total loss;Pierdere totală absolută. Distrugerea completă sau îndepărtarea unei nave sau a bunurilor din mâinile proprietarului sau o astfel de schimba-re în caracteristicile acestora (nava și/sau bunuri) încât încetează să mai fie ceea ce erau. Termenul este folosit de asemenea în momentul în care se face evaluarea pierderilor suferite de o navă, pierderea absolută incluzând pierderea și a navlului pe care îl câștiga nava.
;
;
;
;
;
Absorption coefficient;Coeficient de absorbție. Cantitatea de radiație absoebită de o suprafață dată exprimată ca procentaj din radiația la care a fost expusă suprafața respectivă.
Absorptive power;Puterea de absorbție. Rata cu care energia radiantă este absorbită la suprafața unui corp. Aceasta variază cu temperatura și cu lungimea de undă a energiei
A-Burton;Sistem de stivuire a bidoanelor, butoaielor etc astfel încât să fie așeza-te pe lungime de-a latul navei (atwarthships).
Abt. (About);Aproximativ/cam/circa. De exemplu un mesaj conținând o ofertă de navlosire poate descrie o nava ca având abt. 25,000 tonnes DWCC (deadweight cargo carrying capacity)
Abyss;Abis. Volumul de ocean planetar situat sub adâncimea de 500-550 m.
Abyssal;Abisal. Care aparține de abis.
A/c;Account. Abreviere folosită fie pentru un cont bancar fie pentru a determina (in cadrul unui contract) în contul/sarcina căreia din părți revine o anumită atribuțiune/cheltuială (De exemplu: Shifting to a second berth is on charterer’s a/c – manevra la o a doua dană este în contul navlositorului)
Acalephae;Clasă de creaturi marine care atunci când sunt atinse “înțeapă”. Me-duzele fac parte din această categorie.
Acceleration;Accelerație. Reprezintă o creștere în ritmul unei mișcări. În astronomie reprezintă “câștigul”(gaining) unui corp ceresc asupra altuia fie datorită unei viteze superioare fie datorită unei diferențe în direcție sau datorită amândoura.
Acceleration of fixed stars;Accelerația stelelor fixe. Apariția progresiv mai devreme a tranzitului stelelor fixe în comparație cu tranzitul Soarelui. Datorită mișcării aparente spre Est a Soarelui pe eliptică, stelele tranzitează oricare meridian cu aproximativ 4 minute mai devreme în fiecare zi (având ca bază timpul solar).
;
;
2100;
Acceleration of planetary motion;Accelerația mișcării planetare. Creșterea vitezei unghiulare a unei planete atunci când se deplasează de la afeliu (aphelion) la periheliu (perihelion), conform Legii a doua a lui Kepler.
Acceleration of Sidereal time;Accelerația timpului sideral. Cantitatea de timp sideral câștigată de către un ceas sideral în orice interval de timp solar mediu.
Acceleration of wind;Accelerația vântului. Creșterea aparentă în forță a vântului datorată apropierii navei (direcției în care merge nava) de direcția din care bate vântul.
Acceleration tables;Table de accelerație. Table în care este dată creșterea ce se aplică unui timp mediu pentru a afla valoarea timpului sideral.
Acceptance;Acceptare. Semnarea unui document prin care se certifică faptul că persoana care l-a semnat a citit documentul și este gata să îndepli-nească cerințele conținute de acel document.
;
;
Accept except;Acceptare cu excepții.Termen folosit pe durata negocierilor de navlosire, fie de brokerul armatorului sau de către agentul posibilului navlositor, semnificând că o ofertă sau contraofertă este acceptată în afara unor anumite clauze sau detalii. Acestea se listează impreuna cu amendamentele agreate.
Accident boat;Barcă în caz de accident. Barcă ce este ținută pregătită pentru lansare în orice moment în cazul unui accident, a unei urgențe.
Accident report;Raport de accident. Declarație făcută de către comandantul unei nave în cazul în care nava a fost avariată sau în cazul unei răniri serioase la bord cauzată prin accidentare.
Accomodation;Castelul navei. “Accommodation” definește/cuprinde spațiile de locuit pentru echipaj, incluzând băile, spațiile de recreere și cele de servire a mesei. Spațiile de locuit și dotările minime trebuie să corespundă cerințelor regulilor stabilite de Organizația Internațională a Muncii, exceptând locurile unde există cerințe legislative locale (care de regulă sunt mai stringente). În cazul în care în urma verificării rezultă că spațiile de locuit sunt corespunzătoare, Registrul de care aparține nava eliberează un certificat numit “Certificate of Compliance for Crew Accommodation” (Certificat de Conformitate pentru Spațiile de locuit ale echipajului). 
Accommodation ladder;Scara de acces la navă. Scară, de regulă din aluminiu, dotată cu balustrăzi și care asigură accesul de la uscat la navă și invers. Treptele sunt de obicei cu striații pentru a preveni alunecarea. În unele locuri și atunci când bordul liber este mai mic, se poate folosi și pentru urcarea pilotului sau a diverselor autorități, la cererea expresă a acestora și doar în cazul în care condițiile de vreme permit.
Accomplish a B/L (to);A finaliza/a duce la îndeplinire un conosament.Prezentarea/înmânarea conosamentului către cărăuș (nava transportoare) la portul de descărcare în schimbul bunurilor transportate în baza acelui conosament. În cazul în care au fost emise mai multe conosamente originale (de regulă sunt trei – primul, al doilea și al treilea original), prezentarea unuia dintre conosamentele originale este suficientă, celelalte originale devenind ne-negociabile sau nule.
Accomplished B/L;Conosament finalizat. Conosament original care a fost prezentat cărăușului (navei  care a transportat) la portul de descărcare in schimbul bunurilor transportate sub acel conosament.
Accumulated rate;Marșa diurnă acumulată. Marșa diurnă a unui cronometru multiplicată cu numărul de zile de  când s-a făcut ultima comparație cu un semnal orar standard.
Accumulator;Acumulator. Baterie de mare capacitate folosită la stocarea curentului electric.
Accumulator capacity;Capacitatea acumulatorului. Capacitatea de stocare a unui acumulator, exprimată de regulă în Amperi-oră.
Achromatic lens;Lentile acromatice. Două sau mai multe lentile folosite în combinație pentru a corecta aberația cromatică prezentă la lentilele singulare.
Acidity of boiler water;Aciditatea apei de la caldarină. Aceasta este rezultatul impurităților aflate în apă. Se determină prin folosirea hârtiei de turnesol (litmus paper) sau a hârtiei indicatoare cu metiloranj (methyl orange) 
Acid tanker;Navă tanc destinată transportului de acizi . Acest tip de navă are tancurile din oțel inox sau tratate cu vopsele speciale care să împiedice perforarea lor de către acizii transportați. Nava trebuie să fie dotată cu o serie de elemente de siguranță cum ar fi ventilație corespunzătoare în așa fel încât să nu fie afectată sănătatea echipajului, echipament special de intervenție în caz de urgență pentru protejarea la contact și pentru respirație
Aclinic line;Aclină. Reprezintă ecuatorul magnetic, fiind definită ca linia ce unește toate punctele de pe suprafața terestră unde nu există înclinație magnetică 
Acquitance;Eliberare din funcție. Eliberarea de atribuțiuni, răspunderi, îndatoriri, făcută în mod formal, în formă scrisă. Poate avea și înțelesul de conce-diere. 
Act of God;Forță majoră.Eveniment/fapt ce are ca rezultat o pierdere și care s-a petrecut fără posibilitatea de a fi controlat de elementul uman. Astfel de evenimente pot fi furtuna severă sau trăznetul. În general contractele de transport conțin o clauză prin care cărăușul este exonerat de răspundere în cazul unor astfel de pierderi. Nu se consideră Act of God în cazul în care evenimentul ar fi putut fi prevăzut și/sau în mod rezonabil evitat
Actinometer;Actinometru. Instrument folosit pentru măsurarea intensității razelor solare (sau actinice)
Actinozoar;Actinozoar. Clasă de creaturi marine care include meduzele, anemo-nele de mare și polipii coralieri.
;
Action stations;Posturi de luptă. Pozițiile ocupate de către personalul unei nave milita-re atunci când pericolul unei angajări în luptă este iminent. 
Active bond;Obligațiune activă. Este un angajament scris la care plata dobânzii începe imediat de la emitere
Actual total loss;Pierdere totală efectivă. Reprezintă pierederea totală absolută
Ad val.;Ad valorem. La valoarea
Ad valorem freight;Navlu calculat la valoarea bunurilor, exprimat ca procentaj din valoarea acestora.
Addcomm.;vezi Address comission.
Addendum;Clauză sau set de clauze atașate unui contract de navlosire și facând parte integrantă din acesta
Adiabatic;Adiabatic. Termen ce se referă la schimbările de temperatură, presiune sau volum ce apar fără a exista vre-o variație de temperatură.
Adie barometer;Barometru Adie. Nume folosit în trecut pentru barometrul “Kew Pattern”.
Adiabatic lapse rate;Rata scăderii (pierderii) adiabatice. Rata scăderii temperaturii atmo-sferei cu 540F pentru fiecare 1000 picioare pe înălțime (0-980C pentru 100 m). Se datorează expansiunii atmosferice cauzate de reducerea presiunii.Rata scăderii (pierderii) adiabatice. Rata scăderii temperaturii atmo-sferei cu 540F pentru fiecare 1000 picioare pe înălțime (0-980C pentru 100 m). Se datorează expansiunii atmosferice cauzate de reducerea presiunii.
Additional demurrage;Contrastalii suplimentare. Sumă de bani plătibilă armatorului de către navlositor, expeditor sau primitor după caz, atunci cand unul din cei menționați nu poate termina încărcarea sau descărcarea în interiorul perioadei de contrastalii
Additional freight;Navlu suplimentar. Suprataxă, conform contractului de navlosire, impusă de către armator expeditorului, primitorului sau deținătorului de conosament după caz,  pentru cheltuieli adiționale apărute la descărcarea mărfii. Această suprataxă se aplică în general atunci când portul de descărcare stipulat în contract este inaccesibil sau când descărcarea în respectivul port ar avea drept consecință întârzierea nejustificată a navei. In astfel de circumstanțe armatorul are opțiunea (conform contractului de transport) să procedeze către alt port și să descarce marfa chiar dacă pentru acest lucru apar extracosturi.
Address commission;Comision plătibil navlositorului de către armator, exprimat ca procentaj din navlu sau chirie. Valoarea acestui comision este de regulă 2%.  Deși  navlositorii au introdus acest comision (cu sopul evident de a reduce din valoarea navlului), este în puterea armatorului să îl accepte sau nu.
Addressee;Adresant.  Conform  Codului Internațional de Semnale (International Code of Signals) reprezintă autoritatea căreia îi este adresat un semnal sau un mesaj.Adresant.  Conform  Codului Internațional de Semnale (International Code of Signals) reprezintă autoritatea căreia îi este adresat un semnal sau un mesaj.
Adjustment;Ajustare. Calcularea de către un ajustor (evaluator) a pierderilor rezultate dintr-o avarie.  In cazul avariei comune, ajustarea stabiliește contribuțiile fiecărei părți implicate în expediția maritimă.
Adjustment of average;Soluționarea avarie comune. Vezi “Average adjustment”.
Adjustment of instruments;Ajustarea/calibrarea instrumentelor. Corectarea poziției părților ajus-tabile ale unui instrument sau re-aducerea acestora la poziția inițială în cazul în care au fost deplasate printr-o acțiune fizică (in)voluntară. 
;
Adjustment of magnetic compass;Ajustarea compasului magnetic. Denumire alternativă șiu mai puțin folosită pentru compensarea compasului magnetic.
Adjustment of sextant;Ajustarea/corectarea sextantului. Cuprinde reglarea indexului și a orizontului oglinzilor astfel încât să fie perpendiculare pe planul arcului de cerc, reglarea paralelismului oglinzilor când indexul este la zero și reglarea liniei colimatorului paralel cu planul arcului de cerc.
Admiral;Amiral. Ofițer al marinei militare ce poate avea comanda unei flotile. În epoca elizabetană “admiral” era folosit pentru nava unde fusese născut un ofițer lider al unui grup de nave. La navele de pescuit din Regatul Unit, “admiral” se folosește în sens peiorativ pentru decanul de vârstă și conducătorul (skipper) unui grup de “drifters” (rătăciți, pierde-vară, terchea-berchea, în general persoane cărora nu le place munca).
Admiral of the fleet;Amiralul flotei. Cel mai înalt grad în cadrul marinei militare.
Admirality;Amiralitate. Poate avea mai multe sensuri, astfel: 1.Instituța ce controlează mările 2.Comitetul director al Amiralității 3.Clădirile în care sunt situate birourile Comitetului director al Amirali-tății
;
;
;
Admirality charts;Hărțile Amiralității. Hărți produse și emise de către Departamenul Hi-drografic al Amiralității Britanice.
Admirality ceofficients;Coeficienții Amiralității. Valori calculate pe baza valorii deplasamentului, a puterii mașinii și a consumului de combustibil pentru a determina eficiența formei corpului navei.
Admirality Court;Curtea de judecată a Amiralității. Nume folosit pentru a desemna Înalta Curte de Judecată a Amiralității (High Court of Admirality), loc unde se investighează și se judecă diverse cazuri ce implică nave sau industria maritimă
Admirality flag;Pavilionul (steagul) Amiralității. Pavilionul ce se arborează în onoarea șefului de cabinet al Amiralității Marii Britanii (Lord High Admiral of Great Britain). Pavilionul are culoare roșie și are ca semn distinctiv o ancoră orizontală de culoare galbenă.
Admirality hitch;Nod de plasă. Nume folosit uneori pentru a descrie un nod de plasă (marline spike hitch)
Admirality list of lights, fog signals and visual time signals;Lista Amiralității pentru faruri, semnale de ceață și semnale orare vizu-ale. Reprezintă nouă volume aranjate pe zone geografice, în care sunt date caracteristicile mijloacelor ajutătoare în navigație menționate în titlu. NU conțin detalii despre balizaj. 
Admirality list of radio signals;Lista Amiralității pentru semnale radio. Volume publicate de către Departamenul Hidrografic al Amiralității (Hydrographic Department of Admirality) ce conțin regulile generale și semnalele radio folosite pentru comunicarea cu stațiile și serviciile de coastă. Conțin detalii despre radio balize, semnale orare, avize de navigație și de gheață etc.
Admirality pattern anchor;Ancoră tip amiralitate. Tip mai vechi de ancoră cu brațe fixe. Se compune din fus (tijă) din a cărui extremitate inferioară (denumită diamant) se desfac brațele ancorei, brațe ce se termină cu gheare (o parte plată, aproximativ triunghiulară, denumită palmă, partea superioară a “palmei” numindu-se unghie). Partea din interiorul locului de desfacere a fiecărui braț se numește “gât”. La partea opusă diamantului fusul are un orificiu pătrat (numit “pătratul ancorei”) prin care trece o traversă ce are un capăt încovoiat și terminată la ambele capete cu câte o bilă (sferă) denumită și măr sau nucă. Un opritor sau un guler fixează traversa pe fus, fiind asigurat cu o pană prinsă cu un lănțișor. Deasupra pătratului se află un orificiu prin care trece inelul de care se prinde lanțul de ancoră. Unghiul dintre braț și fus se numește “unghi de mușcare iar distanța dintre gheare se numește “deschidere”. La ora actuală ancora tip amiralitate se folosește numai pe navele cu vele sau pe nave mai mari ca ancorot. 
Admirality method of tidal prediction;Metoda Amiralității pentru determinarea fazelor mareei. Metodă folosită pentru determinarea fazelor mareei în diverse locuri pe baza Tablelor de Maree ale Amiralității (Admirality Tide Tables) în conjuncție cu NP 159 (Nautical Publication – Publicația Nautică)
Admirality Sailing Directions;Direcțiile de navigație ale Amiralității. Sunt o serie de volume emise de către Departamentul Hidrografic al Amiralității ce conțin toate informațiile posibile la rutele ce se pot urma în apele navigabile din în-treaga lume. Aceste volume se mai numesc și “pilots” deoarece, asemeni unui pilot, oferă informațiile necesare tranzitării/navigației în orice loc s-ar afla nava. 
Admirality Tide Tables;Tablele de maree ale Amiralității. Volume ce conțin predicțiile zilnice ale evoluției mareelor în porturile principale ale lumii și în diverse puncete de pe glob. Mai conțin instrucțiunile necesare pentru determinarea timpilor și înălțimii mareei în porturi (numite și porturi secundare) pentru care tablele nu conțin informații/predicții directe 
Admissible as general average (allowable as general average);Expresie ce desemnează, într-o ajustare de avarie comună, o cheltuială recuperabilă de la toate părțile implicate in expediția maritimă. Faptul că o anumită cheltuială este sau nu admisă depinde de regulile și jurisdicția agreate în contractul de transport. De exp. conform Regulilor York-Anvers cheltuielile de intrare/ieșire intr-un/dintr-un port de refugiu se admit ca avarie comună.
Adrift;În derivă. Navă care nu este legată la cheu, nu este ancorată sau pusă pe uscat ci este rămasă fără propulsie, la voia elementelor naturii (vânt, val, curent, maree). Colocvial termenul poate descrie o persoană care lipsește de la locul ei de activitate.
Advance;Avans (la înaintare). Distanța dintre poziția unde nava începe să schimbe de drum și poziția la care nava a ajuns la noul drum.Se măsoară pe o linie paralelă cu drumul inițial.
Advance call;Plată în avans. Plată care in mod normal se face în avans o dată pe an de către armator către clubul/asociația de asigurare (P&I) la care este înscrisă nava armatorului. Această plată este o taxă bazică pentru serviciile oferite de clubul P&I, având ca bază de calcul tonajul navei. Totalul plaților anticipate plătite de către membrii inscriși la clubul respectiv, reprezintă suma de plăți-daune anticipate din fondul clubului
Advance frieght;Navlu anticipat. Reprezintă navlul plătibil la un moment prestabilit, agreat între armator și navlositor, înainte ca bunurile acoperite de contractul de transport să fie livrate în portul de destinație descris in conosament. A nu se confunda cu avans la navlu (vezi mai jos)
Advance note;Notă de avans. Notă emisă de Comandantul unei nave (și doar la discreția acestuia) unui navigator nou angajat. Această “notă” permite purtătorului să ridice o anumită sumă după plecarea navei din port. Suma respectivă rareori depășește salariul lunar al navigatorului repectiv și se recuperează prin reținerea pe statul de plată.
Advance on freight;Avans la navlu. Sumă plătită în avans de către expeditor comandantului navei pentru ca acesta să poată să plătească  cheltuielile portuare (disbursements). Această sumă se deduce ulterior din navlul datorat.
Advance to master;Reprezintă același lucru ca și Advance on freight (vezi mai sus).
Advection;Advecție. Termen folosit în meteorologie însemnând transferul căldurii pe orizontală prin intermediul curenților de aer.
Adventure;Aventură. Termen folosit în asigurările maritime și care denotă o acțiune/intreprindere ce implică un risc sau un hazard. 
;
Advertise;A face reclamă, a anunța. A face cunoscut în mod public de o astfel de  manieră încât în circumstanțe normale o anumită problemă (un anume fapt) să vină în atenția celor interesați. Exemplu: „A liner conference is advertising its new tariffs” – o conferință de linie își anunță (face cunoscute) noile tarife.
Advice;Aviz, sfat. Notificare formală conținând informații referitoare la o tran-zacție/acțiune.
Advice boat;Ambarcațiune curier. Ambarcațiune (barcă) de mici dimensiuni folosită la distribuire ordinelor (scrise sau verbale) către navele unei flote militare sau a unui escadron.
Advice note;Notă de aviz (avizare). Notă trimisă de catre un furnizor de bunuri de exp către agentul unei nave. In această notă se face o descriere a bunurilor ce urmează a fi livrate, data la care urmează să sosească precum și metoda de expediere către navă.
Aerial;Antenă radio. Tip de antenă formată dintr-un fir sau dintr-un sistem de fire, folosită pentru recepția și/sau emisia undelor radio. În Engleza din SUA se numește “antenna”.
Aerolite;Aerolit. Tip de meteorit format în special din rocă (piatră).
Aerology;Aerologie. Știința care se ocupă cu studiul atmosferei, în mod deosebit cu partea superioară a atmosferei.
Affidavit;Declarație/depoziție (sub jurământ). Declarație solemnă făcută în fața unei autorități legal desemnată să administreze un jurământ
Affirmed;Afirmat. Confirmat sau ratificat.
Affreight (to);A navlosi. Termen învechit însemnând a închiria o navă (serviciile acesteia) pentru un voiaj sau o perioadă de timp contra unei sume de bani numită chirie (hire) sau navlu (freight). Termenul actual folosit este “to charter”.
Affreightment;Afretare, închiriere. Închirierea unei nave. Un contract de afretare poate fi pur și simplu un contract de închiriere. Termenul mai poate fi folosit pentru a descrie un contract pentru o serie de voiaje pentru mărfuri în vrac.
Afloat;Care plutește. Termen ce definește starea unui obiect care este capabil să rămână la suprafața apei, parțial imersat.
Afore;Înainte de/ înainte. Termen învechit, folosit  pentru descrierea părții din față a navelor. Actual “fore” sau “forward”.
Aft;Pupa. La sau către extremitatea din spate a navei. Termenul mai este cunoscut și ca „abaft”.
Aft peak tank / After peak tank (Apk);Tanc pupa. Tanc situat la extremitatea din spate a unei nave. In mod normal este folosit ca tanc de balast în scopul de a crea suficientă asietă și afundare pentru buna functionare a navei/elicei. 
After date;După data. În contextul unui document comercial termenul înseamnă “după data menționată” în documentul respectiv
;
After end;Extremitatea pupa. Partea din spatele navei.
Afterglow;Reprezintă lumina solară reflectată în nori, pe timpul crepusculului de seară, după ce soarele a apus.
After leech;Grandee (margine) de cădere pupa (la o velă pătrată). Grandeea este o parâmă vegetală sau sârmă cusută pe marginea unei vele (sau a unei tende) pentru a o întări.
After part;Partea din pupa.
;1.Zona care este situată în partea din spate (pupa) a navei, în apropierea etamboului (stern).
;2.Parte din echipa de cart (la veliere) care are ca atribuțiune manevra-rea velelor din zona pupa.  
After sight;După luarea la cunoștință . Expresie folosită în cadrul unui document însemnând “după ce plătitorul a andosat drept confirmare că a văzut (citit) documentul” (after payer endorsed it as an acknowledgement of sighting it).
After swim;Zona aviată din pupa a corpului navei. Zonă a corpului navei astfel modelată încât să permită o cât mai bună scurgere a apei către elicea navei și o creștere a suprafeței plutirii proporțională cu creșterea pes-cajului.
Against the Sun;Mișcare circulară în sens retrograd (invers sensului acelor de ceas). Pa-râmele împletite (răsucite) “pe stânga” se fac colac (se așează circular) în acest mod.
Age of diurnal tide;Vârsta mareei diurne. Intervalul de timp dintre momentul la care Luna se află la declinația maximă și momentul următoarei marei de sizigii diurne.
Age of Moon;Vârsta Lunii. Reprezintă intervalul de timp, exprimat în zile și fracțiuni de zi, scurs de la Luna Nouă și până la momentul ales. Valoarea maximă pe care o poate lua este 29 zile.
Age of parallax inequality;Vârsta inegalității de paralaxă. Intervalul de timp dintre momentul când Luna se află la perigeu și apariția efectului paralactic maxim la maree. Valoarea uzuală este situatî între una și trei zile după.
Age of phase inequality;Vârsta inegalității de fază. Vezi “age of tide” (vârsta mareei).
Age of semidiurnal tide;Vârsta mareei semidiurne. Intervalul de timp dintre sizigii și apariția mareei de sizigii semidiurne
Age of tide;Vârsta mareei. Intervalul de timp dintre sizigii și apariția mareei de sizigii datorate acestora. Valoarea poate fi de la mai mult de 7 zile după sizigii până la aproape o zi înainte.
;
;
Agency clause;Clauza de agenție. Clauză dintr-un contract de navlosire ce desemnează care din părti (armatorul sau navlositorul) va nomina agentul navei în porturile de încărcare sau descărcare.
Agency fee;Taxa de agenție (agenturare). Taxă plătibilă de către armator sau operator agentului navei pentru diferitele servicii pe care acest agent le prestează navei. Din serviciile asigurate de agent fac parte : aranjarea unei dane de operare, solicitarea de pilotaj, remorchere, legători de nave, declarația vamală, colectarea navlului etc
Agent;Agent. Denumire generică pentru agentul navei (vezi definiția la Ship's agent).
;As agent only. Ca agent doar. Formulă folosită la semnarea unui contract de navlosire, conosament, cargo manifest etc prin care agentul navei își definește poziția ca simplu semnatar in numele fie al comandantului navei, al armatorului sau navlositorului după caz, fără ca prin această semnătură să capete drepturi sau răspunderi în cadrul contractului de transport. Mai simplu spus, semnează dar nu își asumă nicio răspundere.
Agger;Denumire dată uneori “mareei duble”.
Aggregate;Material granular. Material precum nisipul sau pietrișul mărunțit ce se amestecă în ciment (împreună cu apa) pentru a forma betonul. În domeniul maritim de regulă amestecul se face cu nisip iar proporția este de până la șase părți nisip la o parte de ciment, funcție de locul unde urmează a fi utilizat betonul. 
Aggregate freight;Navlu global sau efectiv. Este navlul plătibil la portul de descărcare după ce au fost luate în considerare toate sumele datorate sau de primit, cum ar fi diverse deduceri, contrastaliile și staliile, avansul la navlu etc. 
;
;
;
Aggregate clause;Clauza de comasare. Clauză existentă în multe contracte de transport și care permite comasarea (adunarea) mai multor partide de marfă ca și cum ar fi un singur lot.
Agonic line;Agonă. Linie pe suprafața Pământului care trece prin toate punctele în care variația câmpului magnetic este zero.
Agreement;Înțelegere. În sens mai larg are și înțelesul de contract. În domeniul maritim se poate întâlni ca formă contrasă pentru “articles of agreement” (vezi definiția mai jos). 
Aground;Punere pe uscat. Atingerea fundului apei.(vezi și „safe aground”). Starea navei atunci când încetează complet să mai plutească, greutatea ei fiind preluată parțial sau total de către fundul apei.
Agulhas current;Curentul Agulhas. Curent (de apă) cald având o orientare către Sud și Vest, venind dinspre Canalul Mozambic și Oceanul Indian către coasta Sud-Estică a Africii. Are o lățime de până la 50 Mile iar viteza sa atinge ocazional chiar și 4 Noduri.
A.H.;Anno Hegirae – anul Hegiric. Anul revelațiilor profetului Mahomed, an care este luat ca bază de contare a timpului de către musulmani. Corespunde anului 622 DH (după Hristos).
Ahoy;Hei, alo! Mod de atragere a atenției in lumea marinarilor (britanici în special). Se spune că provine dintr-un strigăt de luptă al vikingilor.
AHR;Antwerp-Hamburg range. În raza/zona porturilor Anvers-Hamburg
Air;Aer. Amestec de gaze ce formează atmosfera. Comoziția amestecului este 78% nitrogen, 21% oxigen plus urme de neon, heliu, hydrogen, xenon și ozon. Aerul are conductibilitate termică scăzută (low thermal conductivity).
Air Almanac;Efemeridă aeronautică. Efemeridă special concepută pentru navigația aeriană. Este aranjată pe pagini zilnice pentru o referință rapidă și permite determinarea unghiului orar al unui astru până la cel mai apropiat minut de arc.
Air bag;Sac cu aer. În context maritim reprezintă un sac umflat cu aer în scopul de a fi introdus in spațiile rămase între diversele mărfuri stivuite în magaziile unei nave sau containere pentru a preveni deplasarea  sau alunecarea mărfurilor pe durata transportului deplasare ce ar putea compromite stabilitatea navei. Se mai numește și fardaj gonflabil (inflatable dunnage – vezi definitia mai jos)
Aircraft carrier;Portavion. Navă de război special proiectată pentru a permite decola-rea și aterizarea avioanelor de luptă și servind ca bază acestora. 
Aircraft co-ordinator;Coordonator de aeronavă(e). Conform IAMSAR (International Aeronautical and Maritime Search and Rescue manual – manualul de Căutare și Salvare Internațională Aero si Maritimă), reprezintă persoana sau echipa care coordonează implicarea mai multor aeronave în operațiunea de căutare și salvare, venind in sprijinul coordonatorului  misiunii de căutare si salvare si a coordonatorului  de la fața locului (on-scene co-ordinator). Se abreviaza ca ACO.Coordonator de aeronavă(e). Conform IAMSAR (International Aeronautical and Maritime Search and Rescue manual – manualul de Căutare și Salvare Internațională Aero si Maritimă), reprezintă persoana sau echipa care coordonează implicarea mai multor aeronave în operațiunea de căutare și salvare, venind in sprijinul coordonatorului  misiunii de căutare si salvare si a coordonatorului  de la fața locului (on-scene co-ordinator). Se abreviaza ca ACO.
Air density;Densitatea aerului. Reprezintă greutatea unui volum de aer la o anumi-tă valoare a presiunii și temperaturii. La -273oC și presiune 1000 mb, densitatea este 0,001276 grame/cm3.Densitatea aerului. Reprezintă greutatea unui volum de aer la o anumi-tă valoare a presiunii și temperaturii. La -273oC și presiune 1000 mb, densitatea este 0,001276 grame/cm3.
Air draught;Pescaj aerian. Poate fi : 1. Înălțimea maximă de la suprafața apei la cel mai înalt punct al navei (de regulă extremitatea superioară a catargului pupa). Această informație este necesară în cazul când urmează să se treacă pe sub poduri care au limită de înălțime de la suprafața apei. 2. Distanța dintre punctul cel mai de sus al unei nave si un pod 3. Înălțimea maximă de la suprafața apei la gura magaziei (sau la centrul manifoldului în cazul navelor tanc)
;
;
;
Air mass;Masă de aer. Termen meteorologic folosit pentru a descrie masa atmo-sferică cuprinsă între două fronturi și fiind diferită de atmosfera înconjurătoare
Air meter;Aerometru. Este vorba despre un anemometru portabil, de mici dimen-siunii, folosit pentru măsurarea vitezei vântului.
Alert phase;Faza de alertă. Termen din IAMSAR definit astfel: Situația in care există teama/temerea cu privire la siguranța unei nave sau aeronave și a persoanelor de la bord
Air pipe;Aerisire, țeavă de aerisire.  1.Tubulatură ce permite evacuarea aerului dintr-un tanc pe măsură ce acesta este umplut. 2.Tubulatură flexibilă prin intermediul căreia se pompează aer unui scafandru.
;
;
Air pocket;Curent (pungă) de aer. Curent atmosferic descendent, cum ar fi acela care se dezvoltă pe partea adăpostită (de vânt) a unor înălțimi abrupte. Termenul mai poate reprezenta și o pungă de aer rămasă captivă într-o structură când aceasta a fost imersată. 
;
;
;
Air-speed indicator;Indicator de viteză a vântului. Instrument portabil având în capăt un tub Pitot, folosit pentru măsurarea vitezei vântului cu valori cuprinse între 10 și 70 Noduri.
Airt;Termen învechit, de origine scoțiană, pentru o direcție indicată de compasul magnetic.
Air thermometer;Termometru cu aer. Termometru umplut cu aer uscat. Expandarea sau contractarea aerului din termometru, datorită conținutului caloric dezvoltat, se măsoară prin presiunea necesară pentru a menține volumul la o valoare constantă. Astfel, variația de presiune indică vari-ația de temperatură. Plaja de măsurare este mare, putându-se obține măsurători de până la -300oF. 
Airy’s figure of Earth;Dimensiunile Pământului după Airy. Dimensiunile Pământului așa cum au fost calculate de astronomul regal George Airy (1801-1892). Astfel diametrul Pământului la Ecuator  ar avea  20923715 picioare (6377548 metri) iar diametrul polar este de 20853810 picioare (6356241 metri).
Airy’s method of great circle navigation;Metoda lui Airy pentru navigația ortodromică. Este o metodă folosită pentru determinarea coordonatelor punctelor intermediare ale ortodro-mei atunci când se trasează loxordoma pe o hartă desenată în proiecție Mercator. Loxodroma se împarte in două, prin punctul median se ridică o perpendiculară care întretaie Ecuatorul iar apoi din table se scoate latitudinea în care ortodroma întretaie perpendiculara, determinând astfel coordonatele unui punct intermediar.
Aitken’s nucleus counter;Numărătorul nucleic al lui Aitken. Instrument folosit pentru determina-rea numărului de particule higroscopice dintr-un volum de aer dat, volum ce este răcit adiabatic prin expansiune. Micile picături de apă, fiecare conținând câte un nucleu, sunt depozitate iar apoi numărate cu ajutorul unui microscop.
Aker;Denumire dată uneori unei mișcări puternice de flux (tidal bore) la gurile unor estuare. Termenul este înrudit cu “eagre” (flux subit și puternic) și mai poate fi întâlnit sub ortografia “Acker”.
Alba;Nume învechit pentru far sau geamandură de poziție.
Albacore;Pește mic, comestibil, din familia macroului. Se întâlnește în zona Indiilor de Vest și în Oceanul Pacific.
Albedo;Albedo. Reprezintă cantitatea de lumină reflectată de Lună, de planete sau sateliți naturali. Valoarea albedoului se exprimă ca o fracție. Termenul poate fi utilizat și pentru alte tipuri de radiații, nu numai pen-tru cea luminoasă.
Albert medal;Medalia Albert. Medalie introdusă de către Regina Victoria în 1866 pentru salvarea vieții umane pe mare. Ulterior a fost extinsă și pentru salvarea vieții pe uscat. Panglica este albastră pentru medaliile marine și roșie pentru cele terestre.
;
;
;
Aldis signal lamp;Lampă Aldis. Lampă electrică folosită pentru semnalizare pe mare. Lumina emisă este focalizată având forma unei raze ce poate fi vizibilă la peste 20 de Mile. Prin intermediul unui “trăgaci” se acționează un obturator ce permite întreruperea razei luminoase astfel încât să se poată emite semnale formate din linii și puncte conform codului Morse. La ora actuală lampa Aldis se folosește în mod deosebit pentru atragerea atenției și mai puțin pentru comunicații. 
;
;
;
;
;
;
Alerting post;Post de alertare.  Termen din IAMSAR definit astfel: Orice loc (facility) alocat pentru a servi ca intermediar intre o persoană ce raporteaza o situație de urgență (emergency) și un centru sau sub-centru de coor-donare a  salvării. 
A-lee;Adăpost, adăpostit. Către sau în acea parte a navei care este cea mai îndepărtată de vânt.
Aleutian current;Curentul Aleutinelor. Curent oceanic ce trece printre Insulele Aleutine până când întâlnește Curentul Alaskăi din care o parte este deviată către Curentul Pacificului de Nord.
Aleutian lows;Joase aleutine. Depresiuni barometrice care se formează în mod frecvent deasupra Insulelor Aleutine.
Algae;Algă. Tip de vegetație submarină lipsită de floare și având culoarea verde roșie sau brună. Se întrebuințează ca materie primă în industrie, ca nutreț în agricultură și chiar ca hrană (în zona Asiatică, mai ales în Japonia). Mai este cunoscută și sub numele de “seaweed” (iarbă de mare sau zegras)
Algebar;Nume folosit câteodată pentru constelația Orion, de regulă în poezie. Înseamnă “cel puternic și viteaz”.
Alidade;Alidadă. Dispozitiv simplu montat pe un compas magnetic sau pe un repetitor giro, putând fi mișcat 360o . Are un vizor și o cătare cu aju-torul cărora se pot determina relevmente (direcții). Alidadă. Dispozitiv simplu montat pe un compas magnetic sau pe un repetitor giro, putând fi mișcat 360o . Are un vizor și o cătare cu aju-torul cărora se pot determina relevmente (direcții). 
All aback;Cu vântul înaintea velelor. Termenul este folosit colocvial pentru uluit sau năucit (astounded/flabbergasted).
All aboard;Tot echipajul la bord. Ordin dat pentru ambarcarea (revenirea) echi-pajului la bordul navei.
All hands;Tot echipajul. Întregul echipaj.
All hands on deck;Expresie folosită la navele cu vele însemnând adunarea echipajului pe punte în vederea manevrării velelor. Ulterior, la navele autopropulsate a luat semnificația de ordin “la posturile de manevră”, actual fiind înlocuită cu (și folosită cu precădere) expresia “stations, fore and aft”
All in rate;Totul în rata navlului. Exprimare ce arată ca în rata navlului sunt incluse toate supra/extra taxele. Acest tip de navlu este întâlnit în cazul navelor de linie
All in the wind;Expresie folosită la veliere însemnând “a veni în vânt”, adică a ajunge cu marginea de învergare a velei perpendiculară pe direcția vântului, pierzând astfel forța de deplasare. În mod normal acest lucru se întâmplă când se execută o voltă sau datorită unei guvernări inadec-vate.
Allonge;Alonjă, adaos, extensie, prelungire. Adaos la “bill of exchange” (poliță, trată, cambie) sau la titlurile de credit conținând mențiuni suplimentare privind girarea. 
All purposes (a.p.);Orice scop. Timp alocat intr-un angajament pe voiaj, exprimat ca zile și ore și care este alocat pentru încărcare și descărcare combinate. Termenul mai poate fi întâlnit și doar ca simplu 'purposes'.
Allowance;1.Denumire pe scurt pentru toleranța de pescaj pentru apă dulce (vezi „fresh water allowance”).
;2.Speze de reprezentare. Denumire folosită ades pentru diverse gratui-tăți (în general țigări, băutură sau chiar bani) oferite de comandantul navei diferitelor persoane pentru diverse favoruri/servicii făcute navei sau pentru ca lucrurile să se desfășoare în mod normal, fără piedici inventate. Altfel spus este vorba de un peșcheș, să meargă treaba bine.
All standing;Expresie folosită ce descrie o oprire bruscă a navei ce nu este cauzată de reducerea mașinii propulsoare sau de reucerea velaturii (sudden stopping of a ship without engines being eased or sail reduced).
All time saved;Întregul timp salvat (economisit). Termen folosit într-un contract de navlosire pe voiaj pentru definirea metodei prin care se vor calcula „despatch money”. Aceasta se face prin scăderea timpului folosit (time used) pentru incărcare și/sau descărcare, după cum e cazul, dintr-o perioadă de timp  teoretică prestabilită  la capătul căreia expiră staliile și care include și perioadele exceptate. De exp. unui navlositor i s-au acordat pentru încărcare 7 zile de stalii. Navlositorul calculează data/ora la care expiră staliile ținând cont de perioadele exceptate (cum ar fi weekend-urile) și ajunge la un număr teoretic de 10 zile calendaristice. Prin urmare dacă va folosi doar 4 zile pentru încărcare, va fi îndreptățit să primească despatch money pentru 6 zile.(vezi și „laytime saved”)   
Allotment (of wages);Sumă alocată din salariu. Sumă (eventual procentuală) din salariu alocată de către navigator pentru a fi trimisă in mod regulat într-un cont bancar unei persoane desemnate (de regulă una din rudele de gradul întâi) la semnarea contractului de voiaj.
Allotment note;Notă de alocație. Document scris prin care navigatorul împuternicește comandantul/armatorul/operatorul navei să remită o anumită sumă din salariul său în mod regulat unei persoane desemnate. Unele agenții de crewing (în Philipine în mod deosebit) obligă navigatorii să trimită o anumită sumă regulat pe toată durata contractului, agenția fiind pe post de intermediar între navigator și persoana desemnată de acesta. Banii trimiși de navigator în dolari sunt transformați in monedă locală la un curs avantajos agenției și dati apoi la un curs evident mai scăzut persoanei desemnate.
Allowable as general average;Permis ca avarie comună. Despre o anumită cheltuială care e recuperabilă, într-o ajustare de avaire generală, de la toate părțile implicate în respectiva expediție maritimă. O cheltuială este sau nu admisă funcție de regulile sau jurisdicția agreate în contractul de transport.
All told;Totul a fost luat în considerare. Termen folosit pentru a descrie faptul că toate elementele au fost luate în vedere, de exemplu în expresia “deadweight all told” (vezi definiția mai jos).
Almanac;Almanah nautic / Efemeride. Carte în care sunt prezentate anumite informații zilnice pentru un întreg an calendaristic precum și alte informații de interes pentru domeniul maritim. Cel mai cunoscut (popular) este “Brown’s Nautical Almanac”.   
;
Almucantar;Almucantarat (sau alimcantarat). Cerc mic ce trece printr-un astru, fiind paralel cu orizon-tul observatorului și rezultând din intersecția sferei terestre cu un plan paralel cu planul orizontului adevărat al observatorului ce trece prin astru. 
Almucantar’s staff;Instrument folosit pentru măsurarea amplitudinii și construit din lemn de păr sau din cimșir, având o deschidere de 15o.Instrument folosit pentru măsurarea amplitudinii și construit din lemn de păr sau din cimșir, având o deschidere de 15o.
Aloft;În secolul XVIII însemna desupra punții unde se lua masa. În timp înțelesul său a suferit transformări, la ora actuală fiind folosit pentru a descrie lucrul la înălțime.
Alongside;De-a lungul, lângă. Termen ce descrie situația unei nave acostate la cheu sau la o altă navă (nava se află de-a lungul cheiului...) astfel încăt poate avea loc transferul de marfă.
Aloof;În vânt. Termen mai rar utilizat. Este opusul lui “lee side” (partea adăpostită de vânt)
Alow;Dedesubt, jos, care nu este la înălțime
Alow and aloft;Dedesubt și deasupra. Termenul este utilizat la veliere cu înțelesul “dedesubtul și deasupra vergilor inferioare (lower yards)”.
Alt.;Prescutare folosită pentru “altitude” (altitudine).
Altar;Treaptă de doc uscat. Treaptă a unui doc uscat pe care se sprijină  proptelele (popii) inferioare ale docului.
Alt-azimuth;Prescurtare de la “altitude-azimuth” (înălțime-azimut), cele două co-ordonate necesare pentru determinare poziției unui corp ceresc.
Alt-azimuth instrument;Un instrument (cum ar fi teodolitul) ce poate măsura simultan înălți-mea și azimutul. 
Alternate holds;Magazii în alternanță. Practică de încărcare a minereului de fier alternând o magazie plină, o magazie goală etc. Aceasta se face datorita greutății specifice a minereului de fier. Prin distribuirea în alternanță a mărfii se urmărește ca structura sa fie cât mai puțin afectată  iar stabilitatea navei să rămână în parametrii acceptabili.
Alternating current;Curent alternativ. Curent electric la care polaritățile (pozitiv și negativ) alternează rapid.
Alternating light;Lumină (cu schimbare de culoare) alternativă. Reper de navigație lumi-nos (de regulă un far dar poate fi și o geamandură) care îsi schimbă culoarea în fiecare perioadă de vizibilitate.
Altimeter;Altimetru. Barometru aneroid gradat astfel încât să arate altitudinea (înălțimea pe verticală de la nivelul mării) în loc de presiune.
Altitude;Înălțime (altitudine) a unui astru. Distanța unghiulară a unui corp ce-resc deasupra orizontului. Noțiunea de altitudine reprezintă distanța li-neară (măsurată pe verticală) deasupra nivelului mării sau a unui alt loc de referință. 
Altitude a double;Înălțime luată la dublu. Termen invechit desemnând două înălțimi luate pentru determinarea latitudinii.
Altitude azimuth;Înălțime-azimut. Termen folosit mai ales în forma “alt-azimuth”. Se aplică la probleme, metode, table și instrumente la care aceste două coordonate sunt interdependente.
Altitude circle;Verticalul astrului (cercul pe înălțime). Cercul mare de sferă cerească care trece prin Zenit și este perpendicular pe orizont. Este determinat prin unghiul diedru format între planul meridianului ceresc al observatorului și planul verticalului astrului.  Mai este denumit și “vertical circle” (cercul vertical) sau “circle of altitude” (cercul de înălțime). 
Altitude of hevenly body;Înălțimea unui corp ceresc. Este arcul verticalului astrului sau unghiul la centru corespunzător, măsurat de la orizontul observatorului și până la astru. Poate lua valori de la 0o (când astrul se află în orizont), până la 90o (când astrul se află în zenit sau nadir). Înălțimea unui corp ceresc poate fi “observed” (observată), “apparent” (aparentă) sau “true” (adevărată) funcție de orizontul de referință.
Alto;Alto. Prefix pentru formațiuni noroase (exp. Altocumulus, altostratus) ce denotă că formațiunea respectivă se află la nivel mijlociu (middle level).
Altocumulus;Altocumulus. Formațiune noroasă constând din nori mici, sferico-plați, în straturi regulate.
Altocumulus castellatus;Altocumulus castelatus. Formațiune de nori altocumulus având marginea superioară oarecum crenelată.
Altostratus;Altostratus. Formațiune noroasă de nivel mediu semănând cu ceața sau cu negura. Densitatea formațiunii este variabilă. Uneori prin ea se pot vedea stelele, alteori ascunde complet Luna sau chiar Soarele.
Alumina carrier;Navă transportoare de alumină. Tip de vrachier special proiectat pentru transportul aluminei. Tipic are 4 magazii. Alumina este sub forma unui praf foarte fin si de aceea capacele magaziilor sunt complet închise și etanșe iar încărcarea se face prin intermediul unor „pantaloni” (chute) prin niste deschideri mici practicate in capacele magaziilor. Auto-descărcarea se realizează prin deschiderea unor porți din paiol care permit mărfii să cadă pe benzile transportoare ce duc către un capăt sau celălat al navei , acolo unde un echipament mecanic sau pneumatic  o ridică la nivelul punții
Always afloat (a/a);Termen dintr-un contract de navlosire care stipulează obligația navlositorului de a nu ordona navei să meargă într-un port sau la o dană unde va atinge fundul apei.
Amain;Din răsputeri, în mare grabă, cu toată puterea. Termen ieșit din uz însemnând aproximativ “repede și dintr-o dată”.
Amalfian code;Codul de la Amalfi. Vezi “Amalphitan code” 
Amalgam;Amalgam. Compoziție de mercur cu alt metal. 
Amalgamated trough;Jgheab/uluc amalgamat. Jgheab/uluc metalic în care se pune mercur pentru a forma un orizont artificial. Interiorul jgheabului este amalgamat pentru a preveni acțiunea mercurului asupra metalului.
Amalphitan code;Codul de la Amalfi. Colecție de legi marine codificate la Amalfi în secolul XI a căror autoritate a fost acceptată pentru multă vreme. 
;
Amazon current;Curentul Amazonului. Curent rezultat din revărsarea Amazonului în Oceanul Atlantic, curent a cărui prezență se face simțită pe o distanță considerabilă către Nord și Est față de estuarul fluviului.
Ambergris;Ambră cenușie. Ambra este o substanță ceroasă, cu miros de mosc, ușor dulceag, care se formează în intestinele cașalotului. Substanța poate fi găsită plutind la latitudini tropicale. Se folosește în parfumerie.
American Bureau of Shipping;Societate de clasificare americană. Similară ca funcțiune cu DNV , BV, NKK, RINA, Lloyds etc.
American Carriage of Goods by Sea Act 1936;Convenția Americană pentru Transportul Mărfurilor pe Mare, 1936. Legislație ce reglementează contractele de transport maritim către și dinspre Statele Unite.
American grommet;Ochet american. Ochet (de regulă din alamă) care este pus/montat la o velă, la un capot sau alt articol din pânză de doc, pentru a permite trecerea unei saule fără ca să uzeze sau să rupă pânza respectivă. 
American whipping;Patronare americană. Este practic tot o patronarea simplă (common whipping) la care capetele sforii (aței de velă) folosite pentru patronat sunt scoase în afară la mijlocul patronajului și încheiate cu un nod lat sau de terțarolă.
Amidship;La sau în mijlocul navei (la cuplul maestru). Centrul longitudinal al navei. Ca ordin dat la cârmă înseamnă punerea cârmei în poziție de mijloc (neutră) astfel încât să nu producă niciun efect de girație.
Ammiral;Amiral. Exprimare ieșită din uz, la ora actuală fiind folosit “admiral”.
Ampere;Amper. Unitate de măsură a curentului electric. Reprezintă cantitatea de curent măsurată la trecerea unui volt printr-o rezistență de 1 Ohm. Atunci când trecerea curentului se face printr-o soluție de nitrat de argint, va depozita 0,001118 grame de argint pe secundă
Ampere’s rule;Legea lui Ampere. Descrie devierea acului compasului magnetic atunci când se află într-un câmp magnetic. Un curent electric a cărui direcție este de la Sud spre Nord va devia acul magnetic (capătul roșu – capătul ce indică Nordul) către Vest dacă este poziționat deasupra acului sau către Est dacă est poziționat dedesubtul acului.
Amphibia;Amfibiu. Animal capabil de a trăi atât pe uscat cât și în mediul acvatic. În cazul vehiculelor, sunt cele care se pot deplasa și pe apă și pe uscat iar în cazul avioanelor sunt cele care pot ateriza și ameriza.
Amphidrommic point;Punct amfidromic. Punctul în care se întâlnesc liniile cotidale și în care variația amplitudinii mareeice este nulă.
Amphidromic region;Zonă (regiune) amfidromică. Zonă în jurul unui punct amfidromic, zonă în care variația amplitudinii mareeice este nulă.
Amplitude;Amplitudine. 1.Distanța dintre pozițiile extreme ale unui corp care oscilează. 2.Distanța dintre punctele extreme ale unui arc de cerc.
;
;
Amplitude of heavenly body;Amplitudinea unui corp ceresc. Reprezintă valoarea arcului de cerc de orizont măsurată între primul vertical și cercul vertical ce trece prin astru la răsărit sau apus. Se măsoară în grade (de cerc) de la Est sau Vest și către Polul cel mai apropiat. 
Amplitude of tide;Amplitudine mareeică. Reprezintă diferența de nivel între nivelul ma-reei medii (mean tide level) și apa înaltă sau apa joasă.
AMVER;Automated Mutual Vessel Reporting system.  Sistem global voluntar de raportare a poziției navei în scopul facilitării unor eventuale operațiuni de salvare.
Amwelsh;Contract de navlosire pe voiaj. Prescurtare pentru Americanised Welsh Coal Charter Party. Acest tip de contract de navlosire este folosit la expedierea/transportul cărbunelui din SUA.
Anabatic winds;Vânturi anabatice. Vânturi cu tendință ascensională cum ar fi cele care apar pe timp de zi în zonele montane și urcă din văi către creste. 
;
Analysis;Analiză. Separarea în elementele componente sau în grupuri predeterminate sau categorii.
